timestamp_iso,raw_tof,filtered_tof,t_detect,t_stop_command,response_time,total_time_from_start
2025-07-30T10:55:37.264187,912,912,,,,
2025-07-30T10:55:37.323122,937,917.9764305902672,,,,
2025-07-30T10:55:37.363148,938,922.7632095001338,,,,
2025-07-30T10:55:37.423135,931,924.7322737684947,,,,
2025-07-30T10:55:37.463133,914,922.1666461983684,,,,
2025-07-30T10:55:37.523181,906,918.3018926430902,,,,
2025-07-30T10:55:37.563138,885,910.3408346468518,,,,
2025-07-30T10:55:37.623165,868,900.2189522708161,,,,
2025-07-30T10:55:37.683205,858,890.1262067572027,,,,
2025-07-30T10:55:37.723427,850,880.5337471757973,,,,
2025-07-30T10:55:37.783160,834,869.4095187717495,,,,
2025-07-30T10:55:37.822892,837,861.6617891956166,,,,
2025-07-30T10:55:37.882894,811,849.5507225273625,,,,
2025-07-30T10:55:37.923035,821,842.7254660678921,,,,
2025-07-30T10:55:37.983146,796,831.5554058777863,,,,
2025-07-30T10:55:38.022986,779,818.9916564629099,,,,
2025-07-30T10:55:38.083168,770,807.279847088798,,,,
2025-07-30T10:55:38.143172,757,795.26008644018,,,,
2025-07-30T10:55:38.182984,728,779.1810769159756,,,,
2025-07-30T10:55:38.243153,723,765.7505846489839,,,,
2025-07-30T10:55:38.303462,699,749.7933752084076,,,,
2025-07-30T10:55:38.343918,699,737.6508519532697,,,,
2025-07-30T10:55:38.403933,666,720.5221982159806,,,,
2025-07-30T10:55:38.444455,662,706.5320439908738,,,,
2025-07-30T10:55:38.504469,641,690.866135496882,,,,
2025-07-30T10:55:38.543999,619,673.6860166733678,,,,
2025-07-30T10:55:38.603471,608,657.983299897387,,,,
2025-07-30T10:55:38.644016,589,641.4923437484142,,,,
2025-07-30T10:55:38.702980,584,627.748383673047,,,,
2025-07-30T10:55:38.763542,570,613.9432154041635,,,,
2025-07-30T10:55:38.803812,570,603.4382723331178,,,,
2025-07-30T10:55:38.863053,543,588.9900667493359,,,,
2025-07-30T10:55:38.903738,524,573.4537218299664,,,,
2025-07-30T10:55:38.963197,510,558.2846512615297,,,,
2025-07-30T10:55:39.004106,489,541.7216548921136,,,,
2025-07-30T10:55:39.063241,483,527.68381910778,,,,
2025-07-30T10:55:39.103333,464,512.4597421229488,,,,
2025-07-30T10:55:39.162781,457,499.2016901488719,,,,
2025-07-30T10:55:39.203513,444,486.0053273632651,,,,
2025-07-30T10:55:39.263649,428,472.1387348491739,,,,
2025-07-30T10:55:39.323164,417,458.95742198272444,,,,
2025-07-30T10:55:39.363380,402,445.341338819512,1753847739.323165,1753847739.323165,0.0,2.118176221847534
2025-07-30T10:55:39.423169,389,431.8725347868103,1753847739.323165,1753847739.323165,0.0,2.118176221847534
2025-07-30T10:55:39.463400,377,418.7548589681945,1753847739.323165,1753847739.323165,0.0,2.118176221847534
2025-07-30T10:55:39.523196,363,405.42625718045247,1753847739.323165,1753847739.323165,0.0,2.118176221847534
2025-07-30T10:55:39.563183,365,395.7620683779219,1753847739.323165,1753847739.323165,0.0,2.118176221847534
2025-07-30T10:55:39.623164,363,387.9300592717523,1753847739.323165,1753847739.323165,0.0,2.118176221847534
2025-07-30T10:55:39.663883,361,381.49223407057593,1753847739.323165,1753847739.323165,0.0,2.118176221847534
2025-07-30T10:55:39.723167,360,376.35436026447303,1753847739.323165,1753847739.323165,0.0,2.118176221847534
2025-07-30T10:55:39.763325,362,372.92284675294053,1753847739.323165,1753847739.323165,0.0,2.118176221847534
2025-07-30T10:55:39.823377,362,370.3116613342575,1753847739.323165,1753847739.323165,0.0,2.118176221847534
2025-07-30T10:55:39.863287,363,368.5637558757083,1753847739.323165,1753847739.323165,0.0,2.118176221847534
2025-07-30T10:55:39.923172,366,367.95087151404584,1753847739.323165,1753847739.323165,0.0,2.118176221847534
2025-07-30T10:55:39.962909,362,366.5282726918341,1753847739.323165,1753847739.323165,0.0,2.118176221847534
2025-07-30T10:55:40.023710,365,366.16292806520426,1753847739.323165,1753847739.323165,0.0,2.118176221847534
2025-07-30T10:55:40.083229,367,366.36303615789893,1753847739.323165,1753847739.323165,0.0,2.118176221847534
2025-07-30T10:55:40.123725,368,366.7543641891427,1753847739.323165,1753847739.323165,0.0,2.118176221847534
2025-07-30T10:55:40.184091,366,366.57402798049486,1753847739.323165,1753847739.323165,0.0,2.118176221847534
2025-07-30T10:55:40.223507,369,367.153974116035,1753847739.323165,1753847739.323165,0.0,2.118176221847534
2025-07-30T10:55:40.284459,370,367.8343371621798,1753847739.323165,1753847739.323165,0.0,2.118176221847534
2025-07-30T10:55:40.323587,371,368.5911117310766,1753847739.323165,1753847739.323165,0.0,2.118176221847534
2025-07-30T10:55:40.383245,376,370.3622599906872,1753847739.323165,1753847739.323165,0.0,2.118176221847534
2025-07-30T10:55:40.423753,384,373.6224602536379,1753847739.323165,1753847739.323165,0.0,2.118176221847534
2025-07-30T10:55:40.483214,379,374.9079999752594,1753847739.323165,1753847739.323165,0.0,2.118176221847534
2025-07-30T10:55:40.543609,375,374.92999324574595,1753847739.323165,1753847739.323165,0.0,2.118176221847534
2025-07-30T10:55:40.583456,381,376.38107220771604,1753847739.323165,1753847739.323165,0.0,2.118176221847534
2025-07-30T10:55:40.643193,370,374.8556308020801,1753847739.323165,1753847739.323165,0.0,2.118176221847534
2025-07-30T10:55:40.683196,380,376.08542941976316,1753847739.323165,1753847739.323165,0.0,2.118176221847534
2025-07-30T10:55:40.743194,369,374.39160633458505,1753847739.323165,1753847739.323165,0.0,2.118176221847534
2025-07-30T10:55:40.783184,367,372.62458944621596,1753847739.323165,1753847739.323165,0.0,2.118176221847534
2025-07-30T10:55:40.843199,371,372.2362196036963,1753847739.323165,1753847739.323165,0.0,2.118176221847534
2025-07-30T10:55:40.903659,373,372.41880682468496,1753847739.323165,1753847739.323165,0.0,2.118176221847534
2025-07-30T10:55:40.943196,378,373.75303136961065,1753847739.323165,1753847739.323165,0.0,2.118176221847534
2025-07-30T10:55:41.003226,369,372.616784886657,1753847739.323165,1753847739.323165,0.0,2.118176221847534
2025-07-30T10:55:41.043574,377,373.66462412214116,1753847739.323165,1753847739.323165,0.0,2.118176221847534
2025-07-30T10:55:41.103355,377,374.46196981920014,1753847739.323165,1753847739.323165,0.0,2.118176221847534
2025-07-30T10:55:41.143409,380,375.7858759384943,1753847739.323165,1753847739.323165,0.0,2.118176221847534
2025-07-30T10:55:41.203231,378,376.3151782893675,1753847739.323165,1753847739.323165,0.0,2.118176221847534
2025-07-30T10:55:41.243589,377,376.47888986617966,1753847739.323165,1753847739.323165,0.0,2.118176221847534
2025-07-30T10:55:41.303200,377,376.6034650079661,1753847739.323165,1753847739.323165,0.0,2.118176221847534
2025-07-30T10:55:41.343303,374,375.98108789139417,1753847739.323165,1753847739.323165,0.0,2.118176221847534
2025-07-30T10:55:41.403223,377,376.2246661911808,1753847739.323165,1753847739.323165,0.0,2.118176221847534
2025-07-30T10:55:41.443211,380,377.12718700972067,1753847739.323165,1753847739.323165,0.0,2.118176221847534
2025-07-30T10:55:41.503306,377,377.0967820362975,1753847739.323165,1753847739.323165,0.0,2.118176221847534
2025-07-30T10:55:41.564265,381,378.0298744858476,1753847739.323165,1753847739.323165,0.0,2.118176221847534
2025-07-30T10:55:41.603069,381,378.73990444503613,1753847739.323165,1753847739.323165,0.0,2.118176221847534
2025-07-30T10:55:41.663415,386,380.4754827315541,1753847739.323165,1753847739.323165,0.0,2.118176221847534
2025-07-30T10:55:41.723259,387,382.0352157151488,1753847739.323165,1753847739.323165,0.0,2.118176221847534
2025-07-30T10:55:41.763363,389,383.70019770933266,1753847739.323165,1753847739.323165,0.0,2.118176221847534
2025-07-30T10:55:41.823234,389,384.9671537306251,1753847739.323165,1753847739.323165,0.0,2.118176221847534
2025-07-30T10:55:41.863357,390,386.17029198664125,1753847739.323165,1753847739.323165,0.0,2.118176221847534
2025-07-30T10:55:41.923285,386,386.1295824571116,1753847739.323165,1753847739.323165,0.0,2.118176221847534
2025-07-30T10:55:41.963289,400,389.44540596523547,1753847739.323165,1753847739.323165,0.0,2.118176221847534
2025-07-30T10:55:42.029565,393,390.29515734624937,1753847739.323165,1753847739.323165,0.0,2.118176221847534
2025-07-30T10:55:42.063260,398,392.13705563941215,1753847739.323165,1753847739.323165,0.0,2.118176221847534
2025-07-30T10:55:42.123303,401,394.2558065112703,1753847739.323165,1753847739.323165,0.0,2.118176221847534
2025-07-30T10:55:42.163733,389,392.999367998851,1753847739.323165,1753847739.323165,0.0,2.118176221847534
2025-07-30T10:55:42.223235,392,392.7604618596803,1753847739.323165,1753847739.323165,0.0,2.118176221847534
2025-07-30T10:55:42.263602,400,394.4911257477288,1753847739.323165,1753847739.323165,0.0,2.118176221847534
2025-07-30T10:55:42.323249,394,394.37371859003304,1753847739.323165,1753847739.323165,0.0,2.118176221847534
2025-07-30T10:55:42.363270,388,392.85003511982393,1753847739.323165,1753847739.323165,0.0,2.118176221847534
2025-07-30T10:55:42.423245,398,394.08117142577134,1753847739.323165,1753847739.323165,0.0,2.118176221847534
2025-07-30T10:55:42.483766,390,393.1055379156472,1753847739.323165,1753847739.323165,0.0,2.118176221847534
2025-07-30T10:55:42.523404,400,394.7537088798217,1753847739.323165,1753847739.323165,0.0,2.118176221847534
2025-07-30T10:55:42.583232,390,393.61730043315805,1753847739.323165,1753847739.323165,0.0,2.118176221847534
2025-07-30T10:55:42.623225,390,392.75255863464156,1753847739.323165,1753847739.323165,0.0,2.118176221847534
2025-07-30T10:55:42.684361,388,391.61642516239715,1753847739.323165,1753847739.323165,0.0,2.118176221847534
2025-07-30T10:55:42.743231,391,391.46906427451074,1753847739.323165,1753847739.323165,0.0,2.118176221847534
2025-07-30T10:55:42.783312,394,392.0741027421833,1753847739.323165,1753847739.323165,0.0,2.118176221847534
2025-07-30T10:55:42.843264,392,392.056387946375,1753847739.323165,1753847739.323165,0.0,2.118176221847534
2025-07-30T10:55:42.883688,391,391.80385077685884,1753847739.323165,1753847739.323165,0.0,2.118176221847534
2025-07-30T10:55:42.943253,396,392.8069705599991,1753847739.323165,1753847739.323165,0.0,2.118176221847534
2025-07-30T10:55:42.983259,388,391.6578295239474,1753847739.323165,1753847739.323165,0.0,2.118176221847534
2025-07-30T10:55:43.042912,388,390.7833989535113,1753847739.323165,1753847739.323165,0.0,2.118176221847534
2025-07-30T10:55:43.103271,392,391.07423622192675,1753847739.323165,1753847739.323165,0.0,2.118176221847534
2025-07-30T10:55:43.142906,389,390.5783750696002,1753847739.323165,1753847739.323165,0.0,2.118176221847534
2025-07-30T10:55:43.203322,390,390.44011033125594,1753847739.323165,1753847739.323165,0.0,2.118176221847534
2025-07-30T10:55:43.244253,392,390.8130132246049,1753847739.323165,1753847739.323165,0.0,2.118176221847534
2025-07-30T10:55:43.303163,394,391.5748854348148,1753847739.323165,1753847739.323165,0.0,2.118176221847534
2025-07-30T10:55:43.342999,395,392.3936838133165,1753847739.323165,1753847739.323165,0.0,2.118176221847534
2025-07-30T10:55:43.403814,391,392.0605136303139,1753847739.323165,1753847739.323165,0.0,2.118176221847534
2025-07-30T10:55:43.443139,386,390.61170406819633,1753847739.323165,1753847739.323165,0.0,2.118176221847534
2025-07-30T10:55:43.503243,391,390.70452901559264,1753847739.323165,1753847739.323165,0.0,2.118176221847534
2025-07-30T10:55:43.563293,402,393.40479294850013,1753847739.323165,1753847739.323165,0.0,2.118176221847534
2025-07-30T10:55:43.603255,396,394.02519594092655,1753847739.323165,1753847739.323165,0.0,2.118176221847534
2025-07-30T10:55:43.663165,396,394.4972871164638,1753847739.323165,1753847739.323165,0.0,2.118176221847534
2025-07-30T10:55:43.704062,396,394.85652148628594,1753847739.323165,1753847739.323165,0.0,2.118176221847534
2025-07-30T10:55:43.763365,390,393.6955349433688,1753847739.323165,1753847739.323165,0.0,2.118176221847534
2025-07-30T10:55:43.803554,390,392.81209062005075,1753847739.323165,1753847739.323165,0.0,2.118176221847534
2025-07-30T10:55:43.863523,389,391.90078282026906,1753847739.323165,1753847739.323165,0.0,2.118176221847534
2025-07-30T10:55:43.903340,389,391.20732973295793,1753847739.323165,1753847739.323165,0.0,2.118176221847534
2025-07-30T10:55:43.964183,384,389.4843654973502,1753847739.323165,1753847739.323165,0.0,2.118176221847534
2025-07-30T10:55:44.002964,389,389.36857442634084,1753847739.323165,1753847739.323165,0.0,2.118176221847534
2025-07-30T10:55:44.063173,393,390.2366929417286,1753847739.323165,1753847739.323165,0.0,2.118176221847534
2025-07-30T10:55:44.103178,394,391.13633867867344,1753847739.323165,1753847739.323165,0.0,2.118176221847534
2025-07-30T10:55:44.163180,390,390.86468870906833,1753847739.323165,1753847739.323165,0.0,2.118176221847534
2025-07-30T10:55:44.203122,388,390.17986417976954,1753847739.323165,1753847739.323165,0.0,2.118176221847534
2025-07-30T10:55:44.263185,397,391.8102669136016,1753847739.323165,1753847739.323165,0.0,2.118176221847534
2025-07-30T10:55:44.304193,388,390.8993950840203,1753847739.323165,1753847739.323165,0.0,2.118176221847534
2025-07-30T10:55:44.364721,386,389.72815929786253,1753847739.323165,1753847739.323165,0.0,2.118176221847534
2025-07-30T10:55:44.405192,389,389.5540875577692,1753847739.323165,1753847739.323165,0.0,2.118176221847534
2025-07-30T10:55:44.464191,390,389.6606861481824,1753847739.323165,1753847739.323165,0.0,2.118176221847534
2025-07-30T10:55:44.504182,390,389.74180157553053,1753847739.323165,1753847739.323165,0.0,2.118176221847534
2025-07-30T10:55:44.564369,391,390.0425829976355,1753847739.323165,1753847739.323165,0.0,2.118176221847534
2025-07-30T10:55:44.604192,390,390.03240322444776,1753847739.323165,1753847739.323165,0.0,2.118176221847534
2025-07-30T10:55:44.664716,395,391.2199431176287,1753847739.323165,1753847739.323165,0.0,2.118176221847534
2025-07-30T10:55:44.704196,393,391.64547857379745,1753847739.323165,1753847739.323165,0.0,2.118176221847534
2025-07-30T10:55:44.764401,403,394.3598589413735,1753847739.323165,1753847739.323165,0.0,2.118176221847534
2025-07-30T10:55:44.804400,395,394.51288928556795,1753847739.323165,1753847739.323165,0.0,2.118176221847534
2025-07-30T10:55:44.875522,394,394.3902793969404,1753847739.323165,1753847739.323165,0.0,2.118176221847534
2025-07-30T10:55:44.929521,393,394.0579230642646,1753847739.323165,1753847739.323165,0.0,2.118176221847534
2025-07-30T10:55:44.980063,396,394.5221905845599,1753847739.323165,1753847739.323165,0.0,2.118176221847534
2025-07-30T10:55:45.029059,397,395.1145288240514,1753847739.323165,1753847739.323165,0.0,2.118176221847534
2025-07-30T10:55:45.064589,399,396.043378775793,1753847739.323165,1753847739.323165,0.0,2.118176221847534
2025-07-30T10:55:45.124617,396,396.0330087660883,1753847739.323165,1753847739.323165,0.0,2.118176221847534
2025-07-30T10:55:45.164691,401,397.2204039001659,1753847739.323165,1753847739.323165,0.0,2.118176221847534
2025-07-30T10:55:45.224696,399,397.6458292029406,1753847739.323165,1753847739.323165,0.0,2.118176221847534
2025-07-30T10:55:45.263956,399,397.96955351398026,1753847739.323165,1753847739.323165,0.0,2.118176221847534
2025-07-30T10:55:45.324963,399,398.2158891900075,1753847739.323165,1753847739.323165,0.0,2.118176221847534
2025-07-30T10:55:45.384508,399,398.4033365432474,1753847739.323165,1753847739.323165,0.0,2.118176221847534
2025-07-30T10:55:45.425510,399,398.5459732526486,1753847739.323165,1753847739.323165,0.0,2.118176221847534
2025-07-30T10:55:45.494283,401,399.1326260735368,1753847739.323165,1753847739.323165,0.0,2.118176221847534
2025-07-30T10:55:45.528342,402,399.8180925234508,1753847739.323165,1753847739.323165,0.0,2.118176221847534
2025-07-30T10:55:45.585042,411,402.49120827946626,1753847739.323165,1753847739.323165,0.0,2.118176221847534
2025-07-30T10:55:45.624562,397,401.178495273909,1753847739.323165,1753847739.323165,0.0,2.118176221847534
2025-07-30T10:55:45.685057,413,404.00451137262894,1753847739.323165,1753847739.323165,0.0,2.118176221847534
2025-07-30T10:55:45.725056,403,403.7643756728029,1753847739.323165,1753847739.323165,0.0,2.118176221847534
2025-07-30T10:55:45.784815,402,403.3425889230564,1753847739.323165,1753847739.323165,0.0,2.118176221847534
2025-07-30T10:55:45.824332,400,402.5435188954387,1753847739.323165,1753847739.323165,0.0,2.118176221847534
2025-07-30T10:55:45.885129,404,402.8917012245365,1753847739.323165,1753847739.323165,0.0,2.118176221847534
2025-07-30T10:55:45.925009,404,403.1566480527299,1753847739.323165,1753847739.323165,0.0,2.118176221847534
2025-07-30T10:55:45.984763,408,404.31448632221367,1753847739.323165,1753847739.323165,0.0,2.118176221847534
2025-07-30T10:55:46.024899,408,405.1955349896045,1753847739.323165,1753847739.323165,0.0,2.118176221847534
2025-07-30T10:55:46.084432,410,406.34407705592434,1753847739.323165,1753847739.323165,0.0,2.118176221847534
2025-07-30T10:55:46.144541,402,405.3055940557841,1753847739.323165,1753847739.323165,0.0,2.118176221847534
2025-07-30T10:55:46.184709,402,404.5153679184243,1753847739.323165,1753847739.323165,0.0,2.118176221847534
2025-07-30T10:55:46.244704,404,404.3921654947078,1753847739.323165,1753847739.323165,0.0,2.118176221847534
2025-07-30T10:55:46.285034,406,404.7765299475684,1753847739.323165,1753847739.323165,0.0,2.118176221847534
2025-07-30T10:55:46.344303,402,404.11278040703075,1753847739.323165,1753847739.323165,0.0,2.118176221847534
2025-07-30T10:55:46.404519,403,403.84676221243757,1753847739.323165,1753847739.323165,0.0,2.118176221847534
2025-07-30T10:55:46.443971,401,403.16622314165244,1753847739.323165,1753847739.323165,0.0,2.118176221847534
2025-07-30T10:55:46.504319,401,402.6483718516878,1753847739.323165,1753847739.323165,0.0,2.118176221847534
2025-07-30T10:55:46.564316,402,402.49337387695596,1753847739.323165,1753847739.323165,0.0,2.118176221847534
2025-07-30T10:55:46.604329,403,402.61448651133946,1753847739.323165,1753847739.323165,0.0,2.118176221847534
2025-07-30T10:55:46.664584,399,401.75041740116035,1753847739.323165,1753847739.323165,0.0,2.118176221847534
2025-07-30T10:55:46.706322,404,402.28819637152185,1753847739.323165,1753847739.323165,0.0,2.118176221847534
2025-07-30T10:55:46.765570,409,403.892701512366,1753847739.323165,1753847739.323165,0.0,2.118176221847534
2025-07-30T10:55:46.804415,414,406.3089242270243,1753847739.323165,1753847739.323165,0.0,2.118176221847534
2025-07-30T10:55:46.864576,407,406.47413088261646,1753847739.323165,1753847739.323165,0.0,2.118176221847534
2025-07-30T10:55:46.904841,406,406.3607864701901,1753847739.323165,1753847739.323165,0.0,2.118176221847534
2025-07-30T10:55:46.964779,403,405.55736618747807,1753847739.323165,1753847739.323165,0.0,2.118176221847534
2025-07-30T10:55:47.004349,409,406.3803526686078,1753847739.323165,1753847739.323165,0.0,2.118176221847534
2025-07-30T10:55:47.064849,401,405.0941404976041,1753847739.323165,1753847739.323165,0.0,2.118176221847534
2025-07-30T10:55:47.124520,407,405.54974997883886,1753847739.323165,1753847739.323165,0.0,2.118176221847534
2025-07-30T10:55:47.164189,404,405.1792710516069,1753847739.323165,1753847739.323165,0.0,2.118176221847534
2025-07-30T10:55:47.205363,405,405.136415011736,1753847739.323165,1753847739.323165,0.0,2.118176221847534
2025-07-30T10:55:47.264851,404,404.86474679416085,1753847739.323165,1753847739.323165,0.0,2.118176221847534
2025-07-30T10:55:47.324267,403,404.4189656028118,1753847739.323165,1753847739.323165,0.0,2.118176221847534
2025-07-30T10:55:47.364862,406,404.7969232962366,1753847739.323165,1753847739.323165,0.0,2.118176221847534
2025-07-30T10:55:47.425035,403,404.3673558019969,1753847739.323165,1753847739.323165,0.0,2.118176221847534
2025-07-30T10:55:47.464598,403,404.04047952028355,1753847739.323165,1753847739.323165,0.0,2.118176221847534
2025-07-30T10:55:47.519287,402,403.55268815133013,1753847739.323165,1753847739.323165,0.0,2.118176221847534
2025-07-30T10:55:47.564742,400,402.70339238551855,1753847739.323165,1753847739.323165,0.0,2.118176221847534
2025-07-30T10:55:47.624230,400,402.0571269075062,1753847739.323165,1753847739.323165,0.0,2.118176221847534
2025-07-30T10:55:47.664060,397,400.8481841895508,1753847739.323165,1753847739.323165,0.0,2.118176221847534
2025-07-30T10:55:47.723481,403,401.36259130291836,1753847739.323165,1753847739.323165,0.0,2.118176221847534
2025-07-30T10:55:47.764310,405,402.23214012718006,1753847739.323165,1753847739.323165,0.0,2.118176221847534
2025-07-30T10:55:47.824387,399,401.45947368205566,1753847739.323165,1753847739.323165,0.0,2.118176221847534
2025-07-30T10:55:47.864269,397,400.39340428485843,1753847739.323165,1753847739.323165,0.0,2.118176221847534
2025-07-30T10:55:47.924904,396,399.3431292543209,1753847739.323165,1753847739.323165,0.0,2.118176221847534
2025-07-30T10:55:47.965477,399,399.2611017274433,1753847739.323165,1753847739.323165,0.0,2.118176221847534
2025-07-30T10:55:48.025350,395,398.242454578958,1753847739.323165,1753847739.323165,0.0,2.118176221847534
2025-07-30T10:55:48.087412,394,397.2282651660178,1753847739.323165,1753847739.323165,0.0,2.118176221847534
2025-07-30T10:55:48.125455,388,395.0221817166864,1753847739.323165,1753847739.323165,0.0,2.118176221847534
2025-07-30T10:55:48.174823,394,394.77782179346974,1753847739.323165,1753847739.323165,0.0,2.118176221847534
2025-07-30T10:55:48.225765,391,393.8747062042269,1753847739.323165,1753847739.323165,0.0,2.118176221847534
2025-07-30T10:55:48.283137,388,392.4703152495159,1753847739.323165,1753847739.323165,0.0,2.118176221847534
2025-07-30T10:55:48.324779,383,390.2063679792486,1753847739.323165,1753847739.323165,0.0,2.118176221847534
2025-07-30T10:55:48.381442,379,387.52740476336976,1753847739.323165,1753847739.323165,0.0,2.118176221847534
2025-07-30T10:55:48.425462,366,382.38112314909506,1753847739.323165,1753847739.323165,0.0,2.118176221847534
2025-07-30T10:55:48.480838,362,377.50886843500484,1753847739.323165,1753847739.323165,0.0,2.118176221847534
2025-07-30T10:55:48.516397,346,369.9764458278181,1753847739.323165,1753847739.323165,0.0,2.118176221847534
2025-07-30T10:55:48.587112,328,359.9416732311754,1753847739.323165,1753847739.323165,0.0,2.118176221847534
2025-07-30T10:55:48.625150,300,345.6121832499515,1753847739.323165,1753847739.323165,0.0,2.118176221847534
2025-07-30T10:55:48.680313,269,327.29748742746483,1753847739.323165,1753847739.323165,0.0,2.118176221847534
2025-07-30T10:55:48.725396,183,292.8021307090569,1753847739.323165,1753847739.323165,0.0,2.118176221847534
2025-07-30T10:55:48.786303,240,280.1793999410211,1753847739.323165,1753847739.323165,0.0,2.118176221847534
2025-07-30T10:55:48.826161,488,329.86041560022784,1753847739.323165,1753847739.323165,0.0,2.118176221847534
2025-07-30T10:55:48.882271,489,367.90388281339614,1753847739.323165,1753847739.323165,0.0,2.118176221847534
2025-07-30T10:55:48.925553,488,396.6137271544495,1753847739.323165,1753847739.323165,0.0,2.118176221847534
2025-07-30T10:55:48.986099,491,419.1774474878677,1753847739.323165,1753847739.323165,0.0,2.118176221847534
2025-07-30T10:55:49.040463,491,436.3471474840509,1753847739.323165,1753847739.323165,0.0,2.118176221847534
2025-07-30T10:55:49.082909,493,449.89042111613946,1753847739.323165,1753847739.323165,0.0,2.118176221847534
2025-07-30T10:55:49.145441,491,459.7179629079197,1753847739.323165,1753847739.323165,0.0,2.118176221847534
2025-07-30T10:55:49.182879,492,467.43521706764966,1753847739.323165,1753847739.323165,0.0,2.118176221847534
2025-07-30T10:55:49.235207,490,472.82949142683515,1753847739.323165,1753847739.323165,0.0,2.118176221847534
2025-07-30T10:55:49.285731,492,477.4123399815408,1753847739.323165,1753847739.323165,0.0,2.118176221847534
2025-07-30T10:55:49.340889,491,480.6605682609196,1753847739.323165,1753847739.323165,0.0,2.118176221847534
2025-07-30T10:55:49.405351,489,482.654169658955,1753847739.323165,1753847739.323165,0.0,2.118176221847534
2025-07-30T10:55:49.445356,460,477.23852675707974,1753847739.323165,1753847739.323165,0.0,2.118176221847534
2025-07-30T10:55:49.505350,398,458.295984547531,1753847739.323165,1753847739.323165,0.0,2.118176221847534
2025-07-30T10:55:49.545090,347,431.6898754825802,1753847739.323165,1753847739.323165,0.0,2.118176221847534
2025-07-30T10:55:49.605326,321,405.22866116790175,1753847739.323165,1753847739.323165,0.0,2.118176221847534
2025-07-30T10:55:49.645468,280,375.29184511261957,1753847739.323165,1753847739.323165,0.0,2.118176221847534
2025-07-30T10:55:49.705070,221,338.40726499422635,1753847739.323165,1753847739.323165,0.0,2.118176221847534
2025-07-30T10:55:49.745428,154,294.32337621106615,1753847739.323165,1753847739.323165,0.0,2.118176221847534
2025-07-30T10:55:49.805368,121,252.88917110721786,1753847739.323165,1753847739.323165,0.0,2.118176221847534
2025-07-30T10:55:49.865431,75,210.3634797519197,1753847739.323165,1753847739.323165,0.0,2.118176221847534
2025-07-30T10:55:49.905822,73,177.52574765692276,1753847739.323165,1753847739.323165,0.0,2.118176221847534
2025-07-30T10:55:49.966432,63,150.14754039012053,1753847739.323165,1753847739.323165,0.0,2.118176221847534
2025-07-30T10:55:50.005371,57,127.87994799829387,1753847739.323165,1753847739.323165,0.0,2.118176221847534
2025-07-30T10:55:50.065475,55,110.45746997293041,1753847739.323165,1753847739.323165,0.0,2.118176221847534
2025-07-30T10:55:50.125413,55,97.19996117272856,1753847739.323165,1753847739.323165,0.0,2.118176221847534
2025-07-30T10:55:50.165673,55,87.11175561829724,1753847739.323165,1753847739.323165,0.0,2.118176221847534
2025-07-30T10:55:50.225247,57,79.91332292214355,1753847739.323165,1753847739.323165,0.0,2.118176221847534
2025-07-30T10:55:50.265913,82,80.41215815094797,1753847739.323165,1753847739.323165,0.0,2.118176221847534
2025-07-30T10:55:50.325386,208,110.91295338986194,1753847739.323165,1753847739.323165,0.0,2.118176221847534
2025-07-30T10:55:50.365237,208,134.12231320104303,1753847739.323165,1753847739.323165,0.0,2.118176221847534
2025-07-30T10:55:50.425197,123,131.46344388707317,1753847739.323165,1753847739.323165,0.0,2.118176221847534
2025-07-30T10:55:50.465378,180,143.06645823505383,1753847739.323165,1753847739.323165,0.0,2.118176221847534
2025-07-30T10:55:50.525426,243,166.95629327496462,1753847739.323165,1753847739.323165,0.0,2.118176221847534
2025-07-30T10:55:50.565845,284,194.93643684575522,1753847739.323165,1753847739.323165,0.0,2.118176221847534
2025-07-30T10:55:50.626144,309,222.20415556855139,1753847739.323165,1753847739.323165,0.0,2.118176221847534
2025-07-30T10:55:50.665466,326,247.0173019606604,1753847739.323165,1753847739.323165,0.0,2.118176221847534
2025-07-30T10:55:50.725745,372,276.89531875331795,1753847739.323165,1753847739.323165,0.0,2.118176221847534
2025-07-30T10:55:50.765680,388,303.4556953823003,1753847739.323165,1753847739.323165,0.0,2.118176221847534
2025-07-30T10:55:50.825398,410,328.925881035739,1753847739.323165,1753847739.323165,0.0,2.118176221847534
2025-07-30T10:55:50.865411,413,349.02440649284995,1753847739.323165,1753847739.323165,0.0,2.118176221847534
2025-07-30T10:55:50.926329,426,367.42597816245416,1753847739.323165,1753847739.323165,0.0,2.118176221847534
2025-07-30T10:55:50.966362,426,381.42852119864966,1753847739.323165,1753847739.323165,0.0,2.118176221847534
2025-07-30T10:55:51.025421,433,393.7570557383979,1753847739.323165,1753847739.323165,0.0,2.118176221847534
2025-07-30T10:55:51.065686,438,404.33365115793896,1753847739.323165,1753847739.323165,0.0,2.118176221847534
2025-07-30T10:55:51.125431,438,412.381835041231,1753847739.323165,1753847739.323165,0.0,2.118176221847534
2025-07-30T10:55:51.185549,439,418.74509965388563,1753847739.323165,1753847739.323165,0.0,2.118176221847534
2025-07-30T10:55:51.225803,441,424.0652943423603,1753847739.323165,1753847739.323165,0.0,2.118176221847534
2025-07-30T10:55:51.285489,438,427.3964863887078,1753847739.323165,1753847739.323165,0.0,2.118176221847534
2025-07-30T10:55:51.325430,441,430.6485045839735,1753847739.323165,1753847739.323165,0.0,2.118176221847534
2025-07-30T10:55:51.373501,442,433.3621615619582,1753847739.323165,1753847739.323165,0.0,2.118176221847534
2025-07-30T10:55:51.425550,443,435.6661564605648,1753847739.323165,1753847739.323165,0.0,2.118176221847534
2025-07-30T10:55:51.486468,440,436.70219306466527,1753847739.323165,1753847739.323165,0.0,2.118176221847534
2025-07-30T10:55:51.532535,444,438.44678652907317,1753847739.323165,1753847739.323165,0.0,2.118176221847534
2025-07-30T10:55:51.581528,443,439.5352650999397,1753847739.323165,1753847739.323165,0.0,2.118176221847534
2025-07-30T10:55:51.639854,436,438.6901344404203,1753847739.323165,1753847739.323165,0.0,2.118176221847534
2025-07-30T10:55:51.682183,443,439.7204389352287,1753847739.323165,1753847739.323165,0.0,2.118176221847534
2025-07-30T10:55:51.739752,431,437.6357550147063,1753847739.323165,1753847739.323165,0.0,2.118176221847534
2025-07-30T10:55:51.781147,442,438.6790593040475,1753847739.323165,1753847739.323165,0.0,2.118176221847534
2025-07-30T10:55:51.845408,433,437.3214391541014,1753847739.323165,1753847739.323165,0.0,2.118176221847534
2025-07-30T10:55:51.882132,435,436.76648235514074,1753847739.323165,1753847739.323165,0.0,2.118176221847534
2025-07-30T10:55:51.932109,429,434.90984864609936,1753847739.323165,1753847739.323165,0.0,2.118176221847534
2025-07-30T10:55:51.985988,436,435.17045720207824,1753847739.323165,1753847739.323165,0.0,2.118176221847534
2025-07-30T10:55:52.032087,433,434.6515937293836,1753847739.323165,1753847739.323165,0.0,2.118176221847534
2025-07-30T10:55:52.106384,430,433.53959664707224,1753847739.323165,1753847739.323165,0.0,2.118176221847534
2025-07-30T10:55:52.145971,432,433.1715449471428,1753847739.323165,1753847739.323165,0.0,2.118176221847534
2025-07-30T10:55:52.196976,432,432.8914786647437,1753847739.323165,1753847739.323165,0.0,2.118176221847534
2025-07-30T10:55:52.246095,439,434.35176481551673,1753847739.323165,1753847739.323165,0.0,2.118176221847534
2025-07-30T10:55:52.291918,438,435.2239017897981,1753847739.323165,1753847739.323165,0.0,2.118176221847534
2025-07-30T10:55:52.347396,430,433.975090331514,1753847739.323165,1753847739.323165,0.0,2.118176221847534
2025-07-30T10:55:52.406427,439,435.17633128575676,1753847739.323165,1753847739.323165,0.0,2.118176221847534
2025-07-30T10:55:52.447294,443,437.04663580703357,1753847739.323165,1753847739.323165,0.0,2.118176221847534
2025-07-30T10:55:52.505273,443,438.4698305221474,1753847739.323165,1753847739.323165,0.0,2.118176221847534
2025-07-30T10:55:52.546997,432,436.92317080029113,1753847739.323165,1753847739.323165,0.0,2.118176221847534
2025-07-30T10:55:52.606315,419,432.6385073504734,1753847739.323165,1753847739.323165,0.0,2.118176221847534
2025-07-30T10:55:52.647812,406,426.27037974213624,1753847739.323165,1753847739.323165,0.0,2.118176221847534
2025-07-30T10:55:52.692331,399,419.751198474172,1753847739.323165,1753847739.323165,0.0,2.118176221847534
2025-07-30T10:55:52.746456,405,416.2248179220062,1753847739.323165,1753847739.323165,0.0,2.118176221847534
2025-07-30T10:55:52.806193,409,414.49767300847867,1753847739.323165,1753847739.323165,0.0,2.118176221847534
2025-07-30T10:55:52.846710,409,413.1834145627523,1753847739.323165,1753847739.323165,0.0,2.118176221847534
2025-07-30T10:55:52.906134,413,413.139567986611,1753847739.323165,1753847739.323165,0.0,2.118176221847534
2025-07-30T10:55:52.963886,418,414.30148936928026,1753847739.323165,1753847739.323165,0.0,2.118176221847534
2025-07-30T10:55:53.006467,424,416.61998839381886,1753847739.323165,1753847739.323165,0.0,2.118176221847534
2025-07-30T10:55:53.064325,433,420.5357484911034,1753847739.323165,1753847739.323165,0.0,2.118176221847534
2025-07-30T10:55:53.106808,438,424.710703969259,1753847739.323165,1753847739.323165,0.0,2.118176221847534
2025-07-30T10:55:53.156785,430,425.975148393223,1753847739.323165,1753847739.323165,0.0,2.118176221847534
2025-07-30T10:55:53.204822,431,427.1763754673948,1753847739.323165,1753847739.323165,0.0,2.118176221847534
2025-07-30T10:55:53.260073,427,427.13421163784636,1753847739.323165,1753847739.323165,0.0,2.118176221847534
2025-07-30T10:55:53.314358,437,429.49269961243346,1753847739.323165,1753847739.323165,0.0,2.118176221847534
2025-07-30T10:55:53.365438,432,430.0920878818431,1753847739.323165,1753847739.323165,0.0,2.118176221847534
2025-07-30T10:55:53.425445,429,429.83101638487074,1753847739.323165,1753847739.323165,0.0,2.118176221847534
2025-07-30T10:55:53.465448,426,428.9151842442964,1753847739.323165,1753847739.323165,0.0,2.118176221847534
2025-07-30T10:55:53.528424,422,427.26205949809855,1753847739.323165,1753847739.323165,0.0,2.118176221847534
2025-07-30T10:55:53.565443,418,425.0478972695661,1753847739.323165,1753847739.323165,0.0,2.118176221847534
2025-07-30T10:55:53.625433,425,425.036447081285,1753847739.323165,1753847739.323165,0.0,2.118176221847534
2025-07-30T10:55:53.665432,424,424.78867691961364,1753847739.323165,1753847739.323165,0.0,2.118176221847534
2025-07-30T10:55:53.725457,428,425.5563668993277,1753847739.323165,1753847739.323165,0.0,2.118176221847534
2025-07-30T10:55:53.786477,419,423.9890200314014,1753847739.323165,1753847739.323165,0.0,2.118176221847534
2025-07-30T10:55:53.845493,432,425.9041026610954,1753847739.323165,1753847739.323165,0.0,2.118176221847534
2025-07-30T10:55:53.885523,430,426.8832565071283,1753847739.323165,1753847739.323165,0.0,2.118176221847534
2025-07-30T10:55:53.945555,430,427.62833655324084,1753847739.323165,1753847739.323165,0.0,2.118176221847534
2025-07-30T10:55:53.985628,432,428.6734142793834,1753847739.323165,1753847739.323165,0.0,2.118176221847534
2025-07-30T10:55:54.045539,428,428.5124297314142,1753847739.323165,1753847739.323165,0.0,2.118176221847534
2025-07-30T10:55:54.085475,429,428.6289869261375,1753847739.323165,1753847739.323165,0.0,2.118176221847534
2025-07-30T10:55:54.146848,432,429.4348519523304,1753847739.323165,1753847739.323165,0.0,2.118176221847534
2025-07-30T10:55:54.206467,435,430.7652407935887,1753847739.323165,1753847739.323165,0.0,2.118176221847534
2025-07-30T10:55:54.245493,432,431.0604189013011,1753847739.323165,1753847739.323165,0.0,2.118176221847534
2025-07-30T10:55:54.305261,431,431.0459753265024,1753847739.323165,1753847739.323165,0.0,2.118176221847534
2025-07-30T10:55:54.345263,425,429.60064125093004,1753847739.323165,1753847739.323165,0.0,2.118176221847534
2025-07-30T10:55:54.405788,434,430.6523397391501,1753847739.323165,1753847739.323165,0.0,2.118176221847534
2025-07-30T10:55:54.445491,426,429.54016431781514,1753847739.323165,1753847739.323165,0.0,2.118176221847534
2025-07-30T10:55:54.505466,440,432.04066359542225,1753847739.323165,1753847739.323165,0.0,2.118176221847534
2025-07-30T10:55:54.545507,440,433.94340045808406,1753847739.323165,1753847739.323165,0.0,2.118176221847534
2025-07-30T10:55:54.605363,428,432.522587645768,1753847739.323165,1753847739.323165,0.0,2.118176221847534
2025-07-30T10:55:54.645887,388,421.8791414552072,1753847739.323165,1753847739.323165,0.0,2.118176221847534
2025-07-30T10:55:54.705534,312,395.6117389661993,1753847739.323165,1753847739.323165,0.0,2.118176221847534
2025-07-30T10:55:54.745332,348,384.22980883766286,1753847739.323165,1753847739.323165,0.0,2.118176221847534
2025-07-30T10:55:54.805996,348,375.5688113249852,1753847739.323165,1753847739.323165,0.0,2.118176221847534
2025-07-30T10:55:54.846542,431,388.82003739107444,1753847739.323165,1753847739.323165,0.0,2.118176221847534
2025-07-30T10:55:54.906040,439,400.8159199332523,1753847739.323165,1753847739.323165,0.0,2.118176221847534
2025-07-30T10:55:54.945520,428,407.31447064041964,1753847739.323165,1753847739.323165,0.0,2.118176221847534
2025-07-30T10:55:55.006038,440,415.1281825413665,1753847739.323165,1753847739.323165,0.0,2.118176221847534
2025-07-30T10:55:55.065573,433,419.4005696039045,1753847739.323165,1753847739.323165,0.0,2.118176221847534
2025-07-30T10:55:55.106050,417,418.8266960993109,1753847739.323165,1753847739.323165,0.0,2.118176221847534
2025-07-30T10:55:55.165507,421,419.34624009587185,1753847739.323165,1753847739.323165,0.0,2.118176221847534
2025-07-30T10:55:55.206041,416,418.5462972290179,1753847739.323165,1753847739.323165,0.0,2.118176221847534
2025-07-30T10:55:55.265524,419,418.65475815379335,1753847739.323165,1753847739.323165,0.0,2.118176221847534
2025-07-30T10:55:55.306216,421,419.2154051582431,1753847739.323165,1753847739.323165,0.0,2.118176221847534
2025-07-30T10:55:55.363268,421,419.6420254463834,1753847739.323165,1753847739.323165,0.0,2.118176221847534
2025-07-30T10:55:55.406183,416,418.7713729548515,1753847739.323165,1753847739.323165,0.0,2.118176221847534
2025-07-30T10:55:55.454931,424,420.02131401956046,1753847739.323165,1753847739.323165,0.0,2.118176221847534
2025-07-30T10:55:55.506431,429,422.1677337617165,1753847739.323165,1753847739.323165,0.0,2.118176221847534
2025-07-30T10:55:55.565481,418,421.171406899892,1753847739.323165,1753847739.323165,0.0,2.118176221847534
2025-07-30T10:55:55.605867,428,422.80383140757095,1753847739.323165,1753847739.323165,0.0,2.118176221847534
2025-07-30T10:55:55.658039,426,423.5678985974687,1753847739.323165,1753847739.323165,0.0,2.118176221847534
2025-07-30T10:55:55.706435,418,422.236852217412,1753847739.323165,1753847739.323165,0.0,2.118176221847534
2025-07-30T10:55:55.755404,415,420.50683041863664,1753847739.323165,1753847739.323165,0.0,2.118176221847534
2025-07-30T10:55:55.816275,428,422.29812673480143,1753847739.323165,1753847739.323165,0.0,2.118176221847534
2025-07-30T10:55:55.865657,420,421.7487429380743,1753847739.323165,1753847739.323165,0.0,2.118176221847534
2025-07-30T10:55:55.906521,429,423.4822083189856,1753847739.323165,1753847739.323165,0.0,2.118176221847534
2025-07-30T10:55:55.963631,431,425.27939072593244,1753847739.323165,1753847739.323165,0.0,2.118176221847534
2025-07-30T10:55:56.006482,434,427.3641153671847,1753847739.323165,1753847739.323165,0.0,2.118176221847534
2025-07-30T10:55:56.063659,428,427.5161281820422,1753847739.323165,1753847739.323165,0.0,2.118176221847534
2025-07-30T10:55:56.115415,433,428.8270873534801,1753847739.323165,1753847739.323165,0.0,2.118176221847534
2025-07-30T10:55:56.155949,433,429.8246522651271,1753847739.323165,1753847739.323165,0.0,2.118176221847534
2025-07-30T10:55:56.213430,437,431.53997097306706,1753847739.323165,1753847739.323165,0.0,2.118176221847534
2025-07-30T10:55:56.265495,431,431.41088701141524,1753847739.323165,1753847739.323165,0.0,2.118176221847534
2025-07-30T10:55:56.313728,441,433.7032337393555,1753847739.323165,1753847739.323165,0.0,2.118176221847534
2025-07-30T10:55:56.365514,445,436.403807317404,1753847739.323165,1753847739.323165,0.0,2.118176221847534
2025-07-30T10:55:56.413920,443,437.9806748265065,1753847739.323165,1753847739.323165,0.0,2.118176221847534
2025-07-30T10:55:56.465511,434,437.0290657543849,1753847739.323165,1753847739.323165,0.0,2.118176221847534
2025-07-30T10:55:56.515184,441,437.9783462702822,1753847739.323165,1753847739.323165,0.0,2.118176221847534
2025-07-30T10:55:56.585813,432,436.5491794091252,1753847739.323165,1753847739.323165,0.0,2.118176221847534
2025-07-30T10:55:56.625836,436,436.41789410431556,1753847739.323165,1753847739.323165,0.0,2.118176221847534
2025-07-30T10:55:56.680124,434,435.8398790527532,1753847739.323165,1753847739.323165,0.0,2.118176221847534
2025-07-30T10:55:56.722489,436,435.8781571218439,1753847739.323165,1753847739.323165,0.0,2.118176221847534
2025-07-30T10:55:56.786300,432,434.9510556475699,1753847739.323165,1753847739.323165,0.0,2.118176221847534
2025-07-30T10:55:56.825510,439,435.91898504301605,1753847739.323165,1753847739.323165,0.0,2.118176221847534
2025-07-30T10:55:56.871844,431,434.7430661356501,1753847739.323165,1753847739.323165,0.0,2.118176221847534
2025-07-30T10:55:56.925529,442,436.477888597188,1753847739.323165,1753847739.323165,0.0,2.118176221847534
2025-07-30T10:55:56.980033,436,436.363645875949,1753847739.323165,1753847739.323165,0.0,2.118176221847534
2025-07-30T10:55:57.028572,440,437.2329425969099,1753847739.323165,1753847739.323165,0.0,2.118176221847534
2025-07-30T10:55:57.079511,442,438.3725421044854,1753847739.323165,1753847739.323165,0.0,2.118176221847534
2025-07-30T10:55:57.122605,443,439.4787693413624,1753847739.323165,1753847739.323165,0.0,2.118176221847534
2025-07-30T10:55:57.179986,442,440.08148774269847,1753847739.323165,1753847739.323165,0.0,2.118176221847534
2025-07-30T10:55:57.222472,444,441.0182364036134,1753847739.323165,1753847739.323165,0.0,2.118176221847534
2025-07-30T10:55:57.279944,442,441.2529340832076,1753847739.323165,1753847739.323165,0.0,2.118176221847534
2025-07-30T10:55:57.322574,446,442.3877544815729,1753847739.323165,1753847739.323165,0.0,2.118176221847534
2025-07-30T10:55:57.385506,444,442.77317341898686,1753847739.323165,1753847739.323165,0.0,2.118176221847534
2025-07-30T10:55:57.425497,444,443.0664551752957,1753847739.323165,1753847739.323165,0.0,2.118176221847534
2025-07-30T10:55:57.472248,443,443.0505685855949,1753847739.323165,1753847739.323165,0.0,2.118176221847534
2025-07-30T10:55:57.526626,444,443.2775370235313,1753847739.323165,1753847739.323165,0.0,2.118176221847534
2025-07-30T10:55:57.580551,442,442.972132569626,1753847739.323165,1753847739.323165,0.0,2.118176221847534
2025-07-30T10:55:57.625519,451,444.8912522690459,1753847739.323165,1753847739.323165,0.0,2.118176221847534
2025-07-30T10:55:57.671352,452,446.59064976495654,1753847739.323165,1753847739.323165,0.0,2.118176221847534
2025-07-30T10:55:57.725550,452,447.8837940136839,1753847739.323165,1753847739.323165,0.0,2.118176221847534
2025-07-30T10:55:57.779818,446,447.43345944691816,1753847739.323165,1753847739.323165,0.0,2.118176221847534
2025-07-30T10:55:57.821641,446,447.0907806113794,1753847739.323165,1753847739.323165,0.0,2.118176221847534
2025-07-30T10:55:57.879783,442,445.8737927324119,1753847739.323165,1753847739.323165,0.0,2.118176221847534
2025-07-30T10:55:57.938789,445,445.6649062677903,1753847739.323165,1753847739.323165,0.0,2.118176221847534
2025-07-30T10:55:57.980447,448,446.22312729228304,1753847739.323165,1753847739.323165,0.0,2.118176221847534
2025-07-30T10:55:58.038188,444,445.6916726540567,1753847739.323165,1753847739.323165,0.0,2.118176221847534
2025-07-30T10:55:58.080411,443,445.048208862509,1753847739.323165,1753847739.323165,0.0,2.118176221847534
2025-07-30T10:55:58.146600,446,445.2757414092948,1753847739.323165,1753847739.323165,0.0,2.118176221847534
2025-07-30T10:55:58.186126,444,444.9707662099436,1753847739.323165,1753847739.323165,0.0,2.118176221847534
2025-07-30T10:55:58.245868,451,446.4120981002942,1753847739.323165,1753847739.323165,0.0,2.118176221847534
2025-07-30T10:55:58.285539,447,446.5526402961933,1753847739.323165,1753847739.323165,0.0,2.118176221847534
2025-07-30T10:55:58.346176,449,447.137699312162,1753847739.323165,1753847739.323165,0.0,2.118176221847534
2025-07-30T10:55:58.385540,435,444.2360946135752,1753847739.323165,1753847739.323165,0.0,2.118176221847534
2025-07-30T10:55:58.445209,432,441.3109678074162,1753847739.323165,1753847739.323165,0.0,2.118176221847534
2025-07-30T10:55:58.485540,431,438.8460564706361,1753847739.323165,1753847739.323165,0.0,2.118176221847534
2025-07-30T10:55:58.546333,410,431.9501982986487,1753847739.323165,1753847739.323165,0.0,2.118176221847534
2025-07-30T10:55:58.579737,384,420.48735702179175,1753847739.323165,1753847739.323165,0.0,2.118176221847534
2025-07-30T10:55:58.646303,366,407.46176073027783,1753847739.323165,1753847739.323165,0.0,2.118176221847534
2025-07-30T10:55:58.686173,375,399.70154233658315,1753847739.323165,1753847739.323165,0.0,2.118176221847534
2025-07-30T10:55:58.745556,390,397.38231856085804,1753847739.323165,1753847739.323165,0.0,2.118176221847534
2025-07-30T10:55:58.785767,397,397.2909225471644,1753847739.323165,1753847739.323165,0.0,2.118176221847534
2025-07-30T10:55:58.845845,421,402.95874877741005,1753847739.323165,1753847739.323165,0.0,2.118176221847534
2025-07-30T10:55:58.885552,438,411.33561300652707,1753847739.323165,1753847739.323165,0.0,2.118176221847534
2025-07-30T10:55:58.946157,432,416.27558398880353,1753847739.323165,1753847739.323165,0.0,2.118176221847534
2025-07-30T10:55:58.985805,421,417.404989763622,1753847739.323165,1753847739.323165,0.0,2.118176221847534
2025-07-30T10:55:59.037864,429,420.176860718468,1753847739.323165,1753847739.323165,0.0,2.118176221847534
2025-07-30T10:55:59.096120,430,422.52515312225216,1753847739.323165,1753847739.323165,0.0,2.118176221847534
2025-07-30T10:55:59.146782,430,424.3120692637616,1753847739.323165,1753847739.323165,0.0,2.118176221847534
2025-07-30T10:55:59.195967,426,424.71558129921385,1753847739.323165,1753847739.323165,0.0,2.118176221847534
2025-07-30T10:55:59.238426,419,423.34923030250263,1753847739.323165,1753847739.323165,0.0,2.118176221847534
2025-07-30T10:55:59.296114,425,423.74385872320704,1753847739.323165,1753847739.323165,0.0,2.118176221847534
2025-07-30T10:55:59.347768,418,422.37074780402514,1753847739.323165,1753847739.323165,0.0,2.118176221847534
2025-07-30T10:55:59.406597,424,422.7602323105565,1753847739.323165,1753847739.323165,0.0,2.118176221847534
2025-07-30T10:55:59.446614,419,421.86132161426366,1753847739.323165,1753847739.323165,0.0,2.118176221847534
2025-07-30T10:55:59.506650,420,421.41635923691126,1753847739.323165,1753847739.323165,0.0,2.118176221847534
2025-07-30T10:55:59.566559,423,421.79494000093194,1753847739.323165,1753847739.323165,0.0,2.118176221847534
2025-07-30T10:55:59.606569,408,418.4971599444331,1753847739.323165,1753847739.323165,0.0,2.118176221847534
2025-07-30T10:55:59.666569,417,418.1392530448158,1753847739.323165,1753847739.323165,0.0,2.118176221847534
2025-07-30T10:55:59.706572,418,418.1059635985428,1753847739.323165,1753847739.323165,0.0,2.118176221847534
2025-07-30T10:55:59.766622,429,420.7102616945889,1753847739.323165,1753847739.323165,0.0,2.118176221847534
2025-07-30T10:55:59.806567,419,420.3014112822328,1753847739.323165,1753847739.323165,0.0,2.118176221847534
2025-07-30T10:55:59.866568,429,422.38087175043347,1753847739.323165,1753847739.323165,0.0,2.118176221847534
2025-07-30T10:55:59.906808,417,421.09453548916963,1753847739.323165,1753847739.323165,0.0,2.118176221847534
2025-07-30T10:55:59.966543,415,419.63759275593196,1753847739.323165,1753847739.323165,0.0,2.118176221847534
2025-07-30T10:56:00.006922,415,418.52894270746185,1753847739.323165,1753847739.323165,0.0,2.118176221847534
2025-07-30T10:56:00.066578,416,417.9243806851455,1753847739.323165,1753847739.323165,0.0,2.118176221847534
2025-07-30T10:56:00.126846,411,416.26905746333114,1753847739.323165,1753847739.323165,0.0,2.118176221847534
2025-07-30T10:56:00.169776,414,415.7266228859341,1753847739.323165,1753847739.323165,0.0,2.118176221847534
2025-07-30T10:56:00.226550,413,415.0748039889893,1753847739.323165,1753847739.323165,0.0,2.118176221847534
2025-07-30T10:56:00.287588,417,415.5350360022879,1753847739.323165,1753847739.323165,0.0,2.118176221847534
2025-07-30T10:56:00.326568,416,415.64618900465985,1753847739.323165,1753847739.323165,0.0,2.118176221847534
2025-07-30T10:56:00.387378,419,416.4479417497209,1753847739.323165,1753847739.323165,0.0,2.118176221847534
2025-07-30T10:56:00.427016,417,416.579915262304,1753847739.323165,1753847739.323165,0.0,2.118176221847534
2025-07-30T10:56:00.486606,415,416.20222510615747,1753847739.323165,1753847739.323165,0.0,2.118176221847534
2025-07-30T10:56:00.529417,419,416.87105340456714,1753847739.323165,1753847739.323165,0.0,2.118176221847534
2025-07-30T10:56:00.586649,422,418.0971651377188,1753847739.323165,1753847739.323165,0.0,2.118176221847534
2025-07-30T10:56:00.626560,427,420.22545212216016,1753847739.323165,1753847739.323165,0.0,2.118176221847534
2025-07-30T10:56:00.687216,432,423.04024284710766,1753847739.323165,1753847739.323165,0.0,2.118176221847534
2025-07-30T10:56:00.726557,428,424.2259086218614,1753847739.323165,1753847739.323165,0.0,2.118176221847534
2025-07-30T10:56:00.787608,420,423.2156746394867,1753847739.323165,1753847739.323165,0.0,2.118176221847534
2025-07-30T10:56:00.826555,429,424.5984594006319,1753847739.323165,1753847739.323165,0.0,2.118176221847534
2025-07-30T10:56:00.887877,428,425.41162225231585,1753847739.323165,1753847739.323165,0.0,2.118176221847534
2025-07-30T10:56:00.926552,427,425.7913354267222,1753847739.323165,1753847739.323165,0.0,2.118176221847534
2025-07-30T10:56:00.987617,426,425.8412182002759,1753847739.323165,1753847739.323165,0.0,2.118176221847534
2025-07-30T10:56:01.027611,431,427.0744622545312,1753847739.323165,1753847739.323165,0.0,2.118176221847534
2025-07-30T10:56:01.087388,427,427.05666151469916,1753847739.323165,1753847739.323165,0.0,2.118176221847534
2025-07-30T10:56:01.127630,417,424.6525439342027,1753847739.323165,1753847739.323165,0.0,2.118176221847534
2025-07-30T10:56:01.187789,411,421.3888046860692,1753847739.323165,1753847739.323165,0.0,2.118176221847534
2025-07-30T10:56:01.227007,418,420.5786864464586,1753847739.323165,1753847739.323165,0.0,2.118176221847534
2025-07-30T10:56:01.287617,413,418.76694670595225,1753847739.323165,1753847739.323165,0.0,2.118176221847534
2025-07-30T10:56:01.326585,405,415.475858648831,1753847739.323165,1753847739.323165,0.0,2.118176221847534
2025-07-30T10:56:01.387124,406,413.21058618891414,1753847739.323165,1753847739.323165,0.0,2.118176221847534
2025-07-30T10:56:01.445383,405,411.24778625037607,1753847739.323165,1753847739.323165,0.0,2.118176221847534
2025-07-30T10:56:01.487617,405,409.75420781564816,1753847739.323165,1753847739.323165,0.0,2.118176221847534
2025-07-30T10:56:01.546596,413,410.53013788365655,1753847739.323165,1753847739.323165,0.0,2.118176221847534
2025-07-30T10:56:01.578639,404,408.96906125139463,1753847739.323165,1753847739.323165,0.0,2.118176221847534
2025-07-30T10:56:01.645840,400,406.824942370242,1753847739.323165,1753847739.323165,0.0,2.118176221847534
2025-07-30T10:56:01.687062,393,403.5199900306342,1753847739.323165,1753847739.323165,0.0,2.118176221847534
2025-07-30T10:56:01.745681,391,400.52699597427727,1753847739.323165,1753847739.323165,0.0,2.118176221847534
2025-07-30T10:56:01.779385,391,398.24949876731637,1753847739.323165,1753847739.323165,0.0,2.118176221847534
2025-07-30T10:56:01.845717,389,396.0383392722112,1753847739.323165,1753847739.323165,0.0,2.118176221847534
2025-07-30T10:56:01.879362,393,395.31200232140907,1753847739.323165,1753847739.323165,0.0,2.118176221847534
2025-07-30T10:56:01.945796,397,395.7155303599143,1753847739.323165,1753847739.323165,0.0,2.118176221847534
2025-07-30T10:56:01.987487,402,397.2178782239388,1753847739.323165,1753847739.323165,0.0,2.118176221847534
2025-07-30T10:56:02.046626,404,398.83919342591355,1753847739.323165,1753847739.323165,0.0,2.118176221847534
2025-07-30T10:56:02.079308,406,400.55103596432775,1753847739.323165,1753847739.323165,0.0,2.118176221847534
2025-07-30T10:56:02.147858,414,403.76610796713555,1753847739.323165,1753847739.323165,0.0,2.118176221847534
2025-07-30T10:56:02.186997,413,405.973536559633,1753847739.323165,1753847739.323165,0.0,2.118176221847534
2025-07-30T10:56:02.247464,404,405.5017483889929,1753847739.323165,1753847739.323165,0.0,2.118176221847534
2025-07-30T10:56:02.286995,399,403.94745847050496,1753847739.323165,1753847739.323165,0.0,2.118176221847534
2025-07-30T10:56:02.346360,402,403.4819044554489,1753847739.323165,1753847739.323165,0.0,2.118176221847534
2025-07-30T10:56:02.387034,397,401.93235837261955,1753847739.323165,1753847739.323165,0.0,2.118176221847534
2025-07-30T10:56:02.447586,387,398.3626702381013,1753847739.323165,1753847739.323165,0.0,2.118176221847534
2025-07-30T10:56:02.487188,384,394.9291701673449,1753847739.323165,1753847739.323165,0.0,2.118176221847534
2025-07-30T10:56:02.545829,373,389.68684363105314,1753847739.323165,1753847739.323165,0.0,2.118176221847534
2025-07-30T10:56:02.606699,380,387.3711336870627,1753847739.323165,1753847739.323165,0.0,2.118176221847534
2025-07-30T10:56:02.667223,370,383.21843869686336,1753847739.323165,1753847739.323165,0.0,2.118176221847534
2025-07-30T10:56:02.706652,357,376.9507315345842,1753847739.323165,1753847739.323165,0.0,2.118176221847534
2025-07-30T10:56:02.754124,341,368.3564494671532,1753847739.323165,1753847739.323165,0.0,2.118176221847534
2025-07-30T10:56:02.806636,321,357.0355481374757,1753847739.323165,1753847739.323165,0.0,2.118176221847534
2025-07-30T10:56:02.863320,303,344.1179600234491,1753847739.323165,1753847739.323165,0.0,2.118176221847534
2025-07-30T10:56:02.906668,301,333.8103002124867,1753847739.323165,1753847739.323165,0.0,2.118176221847534
2025-07-30T10:56:02.966889,288,322.85901703091747,1753847739.323165,1753847739.323165,0.0,2.118176221847534
2025-07-30T10:56:03.006694,276,311.65703051838034,1753847739.323165,1753847739.323165,0.0,2.118176221847534
2025-07-30T10:56:03.067677,289,306.2407037073937,1753847739.323165,1753847739.323165,0.0,2.118176221847534
2025-07-30T10:56:03.126667,369,321.2437668348647,1753847739.323165,1753847739.323165,0.0,2.118176221847534
2025-07-30T10:56:03.166782,419,344.613100525961,1753847739.323165,1753847739.323165,0.0,2.118176221847534
2025-07-30T10:56:03.226319,427,364.3082839761176,1753847739.323165,1753847739.323165,0.0,2.118176221847534
2025-07-30T10:56:03.266313,423,378.3389626577339,1753847739.323165,1753847739.323165,0.0,2.118176221847534
2025-07-30T10:56:03.325595,416,387.34210568307446,1753847739.323165,1753847739.323165,0.0,2.118176221847534
2025-07-30T10:56:03.366667,402,390.8461812024576,1753847739.323165,1753847739.323165,0.0,2.118176221847534
2025-07-30T10:56:03.427148,393,391.36106714435857,1753847739.323165,1753847739.323165,0.0,2.118176221847534
2025-07-30T10:56:03.466547,394,391.99192310612324,1753847739.323165,1753847739.323165,0.0,2.118176221847534
2025-07-30T10:56:03.532444,390,391.51573949872744,1753847739.323165,1753847739.323165,0.0,2.118176221847534
2025-07-30T10:56:03.567099,410,395.93453549465835,1753847739.323165,1753847739.323165,0.0,2.118176221847534
2025-07-30T10:56:03.627681,419,401.44850140059623,1753847739.323165,1753847739.323165,0.0,2.118176221847534
2025-07-30T10:56:03.666678,428,407.79582893847277,1753847739.323165,1753847739.323165,0.0,2.118176221847534
2025-07-30T10:56:03.726633,434,414.060125319461,1753847739.323165,1753847739.323165,0.0,2.118176221847534
2025-07-30T10:56:03.766678,434,418.8268963997357,1753847739.323165,1753847739.323165,0.0,2.118176221847534
2025-07-30T10:56:03.826687,443,424.60565143246833,1753847739.323165,1753847739.323165,0.0,2.118176221847534
2025-07-30T10:56:03.866684,446,429.7201250019817,1753847739.323165,1753847739.323165,0.0,2.118176221847534
2025-07-30T10:56:03.926635,438,431.69948893085154,1753847739.323165,1753847739.323165,0.0,2.118176221847534
2025-07-30T10:56:03.986690,435,432.4884999435385,1753847739.323165,1753847739.323165,0.0,2.118176221847534
2025-07-30T10:56:04.026691,436,433.32794939774493,1753847739.323165,1753847739.323165,0.0,2.118176221847534
2025-07-30T10:56:04.086660,439,434.68389406689937,1753847739.323165,1753847739.323165,0.0,2.118176221847534
2025-07-30T10:56:04.126681,438,435.4766331444653,1753847739.323165,1753847739.323165,0.0,2.118176221847534
2025-07-30T10:56:04.186678,439,436.3189194427114,1753847739.323165,1753847739.323165,0.0,2.118176221847534
2025-07-30T10:56:04.226665,437,436.481736669792,1753847739.323165,1753847739.323165,0.0,2.118176221847534
2025-07-30T10:56:04.286669,440,437.3228029334428,1753847739.323165,1753847739.323165,0.0,2.118176221847534
2025-07-30T10:56:04.327708,445,439.15809234928605,1753847739.323165,1753847739.323165,0.0,2.118176221847534
2025-07-30T10:56:04.387685,440,439.3593564548023,1753847739.323165,1753847739.323165,0.0,2.118176221847534
2025-07-30T10:56:04.446738,435,438.3172208039879,1753847739.323165,1753847739.323165,0.0,2.118176221847534
2025-07-30T10:56:04.486707,442,439.1976157737577,1753847739.323165,1753847739.323165,0.0,2.118176221847534
2025-07-30T10:56:04.546704,439,439.1503742955415,1753847739.323165,1753847739.323165,0.0,2.118176221847534
2025-07-30T10:56:04.611282,448,441.26594124644316,1753847739.323165,1753847739.323165,0.0,2.118176221847534
2025-07-30T10:56:04.646697,440,440.9633088468142,1753847739.323165,1753847739.323165,0.0,2.118176221847534
2025-07-30T10:56:04.706664,440,440.73302290841514,1753847739.323165,1753847739.323165,0.0,2.118176221847534
2025-07-30T10:56:04.747236,449,442.7093034995826,1753847739.323165,1753847739.323165,0.0,2.118176221847534
2025-07-30T10:56:04.806674,445,443.2569110451071,1753847739.323165,1753847739.323165,0.0,2.118176221847534
2025-07-30T10:56:04.866872,437,441.7611512622847,1753847739.323165,1753847739.323165,0.0,2.118176221847534
2025-07-30T10:56:04.906660,441,441.57919255477515,1753847739.323165,1753847739.323165,0.0,2.118176221847534
2025-07-30T10:56:04.966694,442,441.6797896143053,1753847739.323165,1753847739.323165,0.0,2.118176221847534
2025-07-30T10:56:05.006463,448,443.1906815617449,1753847739.323165,1753847739.323165,0.0,2.118176221847534
2025-07-30T10:56:05.067711,442,442.9060405333897,1753847739.323165,1753847739.323165,0.0,2.118176221847534
2025-07-30T10:56:05.128737,440,442.21133055177745,1753847739.323165,1753847739.323165,0.0,2.118176221847534
2025-07-30T10:56:05.167332,452,444.5513826929123,1753847739.323165,1753847739.323165,0.0,2.118176221847534
2025-07-30T10:56:05.228123,448,445.3757995716404,1753847739.323165,1753847739.323165,0.0,2.118176221847534
2025-07-30T10:56:05.267711,450,446.48124808746337,1753847739.323165,1753847739.323165,0.0,2.118176221847534
2025-07-30T10:56:05.327771,440,444.93185891414225,1753847739.323165,1753847739.323165,0.0,2.118176221847534
2025-07-30T10:56:05.361508,455,447.3387207690481,1753847739.323165,1753847739.323165,0.0,2.118176221847534
2025-07-30T10:56:05.427556,455,449.1702049113057,1753847739.323165,1753847739.323165,0.0,2.118176221847534
2025-07-30T10:56:05.484487,443,447.69517285609993,1753847739.323165,1753847739.323165,0.0,2.118176221847534
2025-07-30T10:56:05.528836,439,445.61652897430565,1753847739.323165,1753847739.323165,0.0,2.118176221847534
2025-07-30T10:56:05.576661,444,445.23008604582185,1753847739.323165,1753847739.323165,0.0,2.118176221847534
2025-07-30T10:56:05.626522,445,445.1750823145161,1753847739.323165,1753847739.323165,0.0,2.118176221847534
2025-07-30T10:56:05.674266,445,445.13322762250453,1753847739.323165,1753847739.323165,0.0,2.118176221847534
2025-07-30T10:56:05.721763,441,444.1451497025176,1753847739.323165,1753847739.323165,0.0,2.118176221847534
2025-07-30T10:56:05.786691,441,443.3932789467937,1753847739.323165,1753847739.323165,0.0,2.118176221847534
2025-07-30T10:56:05.813127,441,442.82114832644726,1753847739.323165,1753847739.323165,0.0,2.118176221847534
2025-07-30T10:56:05.877015,446,443.581075781797,1753847739.323165,1753847739.323165,0.0,2.118176221847534
2025-07-30T10:56:05.946808,444,443.68122264230385,1753847739.323165,1753847739.323165,0.0,2.118176221847534
2025-07-30T10:56:05.987041,446,444.235543119606,1753847739.323165,1753847739.323165,0.0,2.118176221847534
2025-07-30T10:56:06.046699,452,446.0916926242779,1753847739.323165,1753847739.323165,0.0,2.118176221847534
2025-07-30T10:56:06.087001,444,445.59165839287107,1753847739.323165,1753847739.323165,0.0,2.118176221847534
2025-07-30T10:56:06.142537,444,445.2111609565346,1753847739.323165,1753847739.323165,0.0,2.118176221847534
2025-07-30T10:56:06.174520,446,445.39973862814117,1753847739.323165,1753847739.323165,0.0,2.118176221847534
2025-07-30T10:56:06.243803,444,445.0651209979171,1753847739.323165,1753847739.323165,0.0,2.118176221847534
2025-07-30T10:56:06.286825,444,444.81049612934555,1753847739.323165,1753847739.323165,0.0,2.118176221847534
2025-07-30T10:56:06.345741,450,446.0510845165811,1753847739.323165,1753847739.323165,0.0,2.118176221847534
2025-07-30T10:56:06.385436,446,446.03887239387774,1753847739.323165,1753847739.323165,0.0,2.118176221847534
2025-07-30T10:56:06.446696,450,446.98580856176494,1753847739.323165,1753847739.323165,0.0,2.118176221847534
2025-07-30T10:56:06.504585,447,446.98920112758844,1753847739.323165,1753847739.323165,0.0,2.118176221847534
2025-07-30T10:56:06.532741,445,446.51366822882386,1753847739.323165,1753847739.323165,0.0,2.118176221847534
2025-07-30T10:56:06.599918,443,445.6737004573521,1753847739.323165,1753847739.323165,0.0,2.118176221847534
2025-07-30T10:56:06.645745,448,446.2298191673043,1753847739.323165,1753847739.323165,0.0,2.118176221847534
2025-07-30T10:56:06.706483,448,446.65299368245735,1753847739.323165,1753847739.323165,0.0,2.118176221847534
2025-07-30T10:56:06.738723,444,446.01877637847235,1753847739.323165,1753847739.323165,0.0,2.118176221847534
2025-07-30T10:56:06.806704,443,445.2971160787332,1753847739.323165,1753847739.323165,0.0,2.118176221847534
2025-07-30T10:56:06.866716,443,444.7479738866398,1753847739.323165,1753847739.323165,0.0,2.118176221847534
2025-07-30T10:56:06.900180,448,445.5253942204091,1753847739.323165,1753847739.323165,0.0,2.118176221847534
2025-07-30T10:56:06.951945,443,444.92168048955557,1753847739.323165,1753847739.323165,0.0,2.118176221847534
2025-07-30T10:56:07.000207,445,444.94040333427694,1753847739.323165,1753847739.323165,0.0,2.118176221847534
2025-07-30T10:56:07.079040,447,445.4327647949425,1753847739.323165,1753847739.323165,0.0,2.118176221847534
2025-07-30T10:56:07.126919,446,445.5683664681978,1753847739.323165,1753847739.323165,0.0,2.118176221847534
2025-07-30T10:56:07.186759,450,446.62778047637045,1753847739.323165,1753847739.323165,0.0,2.118176221847534
2025-07-30T10:56:07.216026,445,446.23864779504163,1753847739.323165,1753847739.323165,0.0,2.118176221847534
